,template_1,template_2,actual,cosine
0,43,44,0,0.4469550848007202
1,43,45,0,0.0
2,43,46,1,0.28179287910461426
3,43,47,1,0.550811767578125
4,43,48,0,0.12654665112495422
5,43,49,0,0.0
6,43,50,1,0.7270063161849976
7,43,51,0,0.0
8,43,52,0,0.52403724193573
9,43,53,0,0.04182213172316551
